[
    {"term":"whitelist", "regex":"white[\\s_-]?list", "alternatives": ["allow list", "access list", "permit"]},
    {"term":"blacklist", "regex":"black[\\s_-]?list", "alternatives": ["deny list", "blocklist", "exclude list"]},
    {"term":"master", "alternatives": ["primary", "main", "default", "leader"]},
    {"term":"slave", "alternatives": ["replica", "standby", "secondary", "follower"]},
    {"term":"minority", "alternatives": ["marginalized groups", "underrepresented groups", "people of color"]},
    {"term":"minorities", "alternatives": ["marginalized groups", "underrepresented groups", "people of color"]},
    {"term":"brown bag", "alternatives": ["learning session", "lunch-and-learn", "sack lunch"]},
    {"term":"white box", "alternatives": ["open-box"]},
    {"term":"black box", "alternatives": ["closed-box"]},
    {"term":"culture fit", "alternatives": ["values fit", "cultural contribution"]},
    {"term":"citizen", "alternatives": ["resident", "people"]},
    {"term":"guys", "alternatives": ["folks, you all", "y'all", "people", "teammates", "team"]},
    {"term":"he", "regex":"(?<=^|[^a-z])he(?=$|[^a-z])", "alternatives": ["they"]},
    {"term":"his", "alternatives": ["their", "theirs"]},
    {"term":"him", "alternatives": ["them"]},
    {"term":"she", "alternatives": ["they"]},
    {"term":"her", "alternatives": ["their"]},
    {"term":"hers", "alternatives": ["theirs"]},
    {"term":"manpower", "regex":"man[\\s_-]?power", "alternatives": ["human effort", "person hours", "engineer hours", "work", "workforce", "personnel", "team", "workers"]},
    {"term":"man hours", "alternatives": ["human effort", "person hours", "engineer hours", "work", "workforce", "personnel", "team", "workers"]},
    {"term":"mankind", "regex":"man[\\s_-]?kind", "alternatives": ["people", "humanity"]},
    {"term":"chairman", "alternatives": ["chairperson", "spokesperson", "moderator", "discussion leader", "chair"]},
    {"term":"foreman", "alternatives": ["chairperson", "spokesperson", "moderator", "discussion leader", "chair"]},
    {"term":"middleman", "regex":"middle[\\s_-]?man", "alternatives": ["middle person", "intermediary", "agent", "dealer"]},
    {"term":"mother", "alternatives": ["parent", "caretaker", "nurturer", "guardian"]},
    {"term":"mothering", "alternatives": ["parenting", "caretaking", "caring", "nurturing"]},
    {"term":"father", "alternatives": ["parent", "caretaker", "nurturer", "guardian"]},
    {"term":"fathering", "alternatives": ["parenting", "caretaking", "caring", "nurturing"]},
    {"term":"wife", "alternatives": ["spouse", "partner", "significant other"]},
    {"term":"husband", "alternatives": ["spouse", "partner", "significant other"]},
    {"term":"boyfriend", "regex":"boy[\\s_-]?friend", "alternatives": ["partner", "significant other"]},
    {"term":"girlfriend", "regex":"girl[\\s_-]?friend", "alternatives": ["partner", "significant other"]},
    {"term":"girl", "alternatives": ["woman"]},
    {"term":"girls", "alternatives": ["women"]},
    {"term":"female", "alternatives": ["woman"]},
    {"term":"females", "alternatives": ["women"]},
    {"term":"boy", "alternatives": ["man"]},
    {"term":"boys", "alternatives": ["men"]},
    {"term":"male", "alternatives": ["man"]},
    {"term":"males", "alternatives": ["men"]},
    {"term":"mom test", "alternatives": ["user test"]},
    {"term":"girlfriend test", "alternatives": ["user test"]},
    {"term":"ninja", "alternatives": ["professional"]},
    {"term":"rock star", "alternatives": ["professional"]},
    {"term":"housekeeping", "alternatives": ["maintenance", "cleanup", "preparation"]},
    {"term":"opposite sex", "alternatives": ["different sex"]},
    {"term":"grandfathered in", "alternatives": ["exempt"]},
    {"term":"grandfathered", "alternatives": ["exempt"]},
    {"term":"midget", "alternatives": ["little person", "short stature", "person with dwarfism"]},
    {"term":"crazy", "alternatives": ["unexpected", "unpredictable", "surprising"]},
    {"term":"insane", "alternatives": ["unexpected", "unpredictable", "surprising"]},
    {"term":"freak", "alternatives": ["unexpected", "unpredictable", "surprising"]},
    {"term":"tone deaf", "alternatives": ["oblivious"]},
    {"term":"blind spot", "regex":"blind\\s?spot","alternatives": ["dead spot", "unseen area"]},
    {"term":"OCD", "alternatives": ["organized", "detail-oriented"]},
    {"term":"depressed", "alternatives": ["sad", "upset"]},
    {"term":"depressing", "alternatives": ["saddening", "upsetting"]},
    {"term":"handicap", "alternatives": ["person with a disability"]},
    {"term":"cripple", "alternatives": ["person with a disability"]},
    {"term":"sanity check", "alternatives": ["quick check", "confidence check", "coherence check"]},
    {"term":"sane", "alternatives": ["correct", "adequate", "sufficient", "valid", "sensible", "coherent"]},
    {"term":"retard", "alternatives": ["person with disabilities", "mentally limited"]},
    {"term":"dummy value", "alternatives": ["placeholder value", "sample value", "design value"]}
]